Q25,Q19,Q18,Q23,Q24,Q27,,Q10_1,Q10_2,Q10_3,Q10_4,Q10_5,Q10_6,Q10_7,Q10_8,Q10_9,TOTAL,,Q42_1,Q42_2,Q42_3,Q42_4,Q42_5,Q42_6,Q42_7,Q42_8,Q42_9,Q42_10,Q42_11,Q42_12,Q42_13,Q42_14,Q42_15,Q42_16,Q42_17,Q42_18,Q42_19,Q42_20,Q42_21,Q42_22,Q42_23,Q42_24,Q42_25,Q42_26,Q42_27,Q42_28,Q42_29,Total Agression,,Q41_1,Q41_2,Q41_3,Q41_4,Q41_5,Q41_6,Q41_7,Q41_8,Q41_9,Avoidance ,Anxiety,,Q44_1,Q44_2,Q44_3,Q44_4,Q44_5,Q44_6,Q44_7,Q44_8,Q44_9,Q44_10,Q44_11,Q44_12,Q44_13,Q44_14,Q44_15,Q44_16,Q44_17,Q44_18,Q44_19,Q44_20,Q44_21,Q44_22,Q44_23,Q44_24,Q44_25,Q44_26,Q44_27,Q44_28,Q44_29,Q44_30,Q44_31,Q44_32,Proximity Maintenance,Sensitivity,Controlling C,Compulsive C
What is your ethnic group?,What gender do you identify as?,What is your Sexual Orientation?,Which option below best describes your current relationship status?,How many relationships have been in that have lasted more than 2 years?,Please enter your age below:,,Please use the scale from 'strongly disagree' to 'strongly agree' to indicate how much you agree with each of the statements below in relation to a romantic partner. - It helps to turn to this person in times of need,Please use the scale from 'strongly disagree' to 'strongly agree' to indicate how much you agree with each of the statements below in relation to a romantic partner. - I usually discuss my problems and concerns with this person,Please use the scale from 'strongly disagree' to 'strongly agree' to indicate how much you agree with each of the statements below in relation to a romantic partner. - I talk things over with this person,Please use the scale from 'strongly disagree' to 'strongly agree' to indicate how much you agree with each of the statements below in relation to a romantic partner. - I find it easy to depend on this person,Please use the scale from 'strongly disagree' to 'strongly agree' to indicate how much you agree with each of the statements below in relation to a romantic partner. - I don't feel comfortable opening up to this person,Please use the scale from 'strongly disagree' to 'strongly agree' to indicate how much you agree with each of the statements below in relation to a romantic partner. - I prefer not to show this person how I feel deep down,Please use the scale from 'strongly disagree' to 'strongly agree' to indicate how much you agree with each of the statements below in relation to a romantic partner. - I often worry that this person doesn't really care for me,Please use the scale from 'strongly disagree' to 'strongly agree' to indicate how much you agree with each of the statements below in relation to a romantic partner. - I'm afraid that this person may abandon me,Please use the scale from 'strongly disagree' to 'strongly agree' to indicate how much you agree with each of the statements below in relation to a romantic partner. - I am worried that this person won't care about me as much as I care about him or her,,,Please indicate using the scale how uncharacteristic or characteristic each of the following statements is in describing you. - Some of my friends think I am a hothead,"Please indicate using the scale how uncharacteristic or characteristic each of the following statements is in describing you. - If I have to resort to violence to protect my rights, I will","Please indicate using the scale how uncharacteristic or characteristic each of the following statements is in describing you. - When people are especially nice to me, I wonder what they want",Please indicate using the scale how uncharacteristic or characteristic each of the following statements is in describing you. - I tell my partner openly when I disagree with them,Please indicate using the scale how uncharacteristic or characteristic each of the following statements is in describing you. - I have become so mad that I have broken things,Please indicate using the scale how uncharacteristic or characteristic each of the following statements is in describing you. - I can't help getting into arguments when people disagree with me,Please indicate using the scale how uncharacteristic or characteristic each of the following statements is in describing you. - I wonder why sometimes I feel so bitter about things,"Please indicate using the scale how uncharacteristic or characteristic each of the following statements is in describing you. - Once in a while, I can't control the urge to strike another person",Please indicate using the scale how uncharacteristic or characteristic each of the following statements is in describing you. - I am an even-tempered person,Please indicate using the scale how uncharacteristic or characteristic each of the following statements is in describing you. - I am suspicious of overly friendly strangers,Please indicate using the scale how uncharacteristic or characteristic each of the following statements is in describing you. - I have threatened people I know,Please indicate using the scale how uncharacteristic or characteristic each of the following statements is in describing you. - I flare up quickly but get over it quickly,"Please indicate using the scale how uncharacteristic or characteristic each of the following statements is in describing you. - Given enough provocation, I may hit another person","Please indicate using the scale how uncharacteristic or characteristic each of the following statements is in describing you. - When people annoy me, I may tell them what I think of them",Please indicate using the scale how uncharacteristic or characteristic each of the following statements is in describing you. - I am sometimes eaten up with jealousy,Please indicate using the scale how uncharacteristic or characteristic each of the following statements is in describing you. - I can think of no good reason for ever hitting a person,Please indicate using the scale how uncharacteristic or characteristic each of the following statements is in describing you. - At times I feel I have gotten a raw deal out of life,Please indicate using the scale how uncharacteristic or characteristic each of the following statements is in describing you. - I have trouble controlling my temper,"Please indicate using the scale how uncharacteristic or characteristic each of the following statements is in describing you. - When frustrated, I let my irritation show",Please indicate using the scale how uncharacteristic or characteristic each of the following statements is in describing you. - I sometimes feel that people are laughing at me behind my back,Please indicate using the scale how uncharacteristic or characteristic each of the following statements is in describing you. - I often find myself disagreeing with people,"Please indicate using the scale how uncharacteristic or characteristic each of the following statements is in describing you. - If somebody hits me, I hit back","Please indicate using the scale how uncharacteristic or characteristic each of the following statements is in describing you. - I sometimes feel like a powder keg, ready to explode",Please indicate using the scale how uncharacteristic or characteristic each of the following statements is in describing you. - Other people aways seem to get the breaks,Please indicate using the scale how uncharacteristic or characteristic each of the following statements is in describing you. - There are people who push me so far that we come to blows,"Please indicate using the scale how uncharacteristic or characteristic each of the following statements is in describing you. - I know that ""friends"" talk about me behind my back",Please indicate using the scale how uncharacteristic or characteristic each of the following statements is in describing you. - My partner says that I'm somewhat argumentative,Please indicate using the scale how uncharacteristic or characteristic each of the following statements is in describing you. - Sometimes I fly off the handle for no good reason,Please indicate using the scale how uncharacteristic or characteristic each of the following statements is in describing you. - I get into fights a little more than the average person,,,Please read each of these statements and indicate whether you agree or disagree with them using the scale provided from strongly disagree to strongly agree. - Fear is a common feeling in close relationships,Please read each of these statements and indicate whether you agree or disagree with them using the scale provided from strongly disagree to strongly agree. - I believe that romantic partners often try to take advantage of each other,Please read each of these statements and indicate whether you agree or disagree with them using the scale provided from strongly disagree to strongly agree. - I never know who I am with romantic partners,Please read each of these statements and indicate whether you agree or disagree with them using the scale provided from strongly disagree to strongly agree. - I find romantic partners to be rather scary,Please read each of these statements and indicate whether you agree or disagree with them using the scale provided from strongly disagree to strongly agree. - It is dangerous to trust romantic partners,Please read each of these statements and indicate whether you agree or disagree with them using the scale provided from strongly disagree to strongly agree. - It is normal to have traumatic experiences with the people you feel close to,Please read each of these statements and indicate whether you agree or disagree with them using the scale provided from strongly disagree to strongly agree. - Strangers are not as scary as romantic partners,Please read each of these statements and indicate whether you agree or disagree with them using the scale provided from strongly disagree to strongly agree. - I could never view romantic partners as totally trustworthy,"Please read each of these statements and indicate whether you agree or disagree with them using the scale provided from strongly disagree to strongly agree. - Compared to most people, I feel generally confused about romantic relationships",,,,Using the 6 point scale from 'not at all descriptive of me' to 'very descriptive of me' please indicate how descriptive each of the following statements are of you. - I sometimes push my partner away when they reach out for a needed hug or kiss,Using the 6 point scale from 'not at all descriptive of me' to 'very descriptive of me' please indicate how descriptive each of the following statements are of you. - I sometimes push my partner away when they reach out for a needed hug or kiss,Using the 6 point scale from 'not at all descriptive of me' to 'very descriptive of me' please indicate how descriptive each of the following statements are of you. - I can always respect my partners ability to make their own decisions and solve their own problems,"Using the 6 point scale from 'not at all descriptive of me' to 'very descriptive of me' please indicate how descriptive each of the following statements are of you. - When my partner cries or is distressed, my first impulse is to hold or touch them",Using the 6 point scale from 'not at all descriptive of me' to 'very descriptive of me' please indicate how descriptive each of the following statements are of you. - I help my partner without becoming over involved in their problems,"Using the 6 point scale from 'not at all descriptive of me' to 'very descriptive of me' please indicate how descriptive each of the following statements are of you. - Too often, I don't realise when my partner is upset or worried about something","Using the 6 point scale from 'not at all descriptive of me' to 'very descriptive of me' please indicate how descriptive each of the following statements are of you. - When my partner is troubled or upset, I move closer to provide support and comfort",Using the 6 point scale from 'not at all descriptive of me' to 'very descriptive of me' please indicate how descriptive each of the following statements are of you. - I'm good at knowing when my partner needs my help or support and when they would rather handle things alone,Using the 6 point scale from 'not at all descriptive of me' to 'very descriptive of me' please indicate how descriptive each of the following statements are of you. - I feel comfortable holding my partner when they need physical signs of support and reassurance,"Using the 6 point scale from 'not at all descriptive of me' to 'very descriptive of me' please indicate how descriptive each of the following statements are of you. - I'm not very good at ""tuning in"" to my partners needs and feelings",Using the 6 point scale from 'not at all descriptive of me' to 'very descriptive of me' please indicate how descriptive each of the following statements are of you. - I tend to get over involved in my partners problems and difficulties,Using the 6 point scale from 'not at all descriptive of me' to 'very descriptive of me' please indicate how descriptive each of the following statements are of you. - I don't like it when my partner is needy and clings to me,Using the 6 point scale from 'not at all descriptive of me' to 'very descriptive of me' please indicate how descriptive each of the following statements are of you. - I often end up telling my partner what to do when they are trying to make a decision,Using the 6 point scale from 'not at all descriptive of me' to 'very descriptive of me' please indicate how descriptive each of the following statements are of you. - I sometimes miss the subtle signs that show how my partner is feeling,"Using the 6 point scale from 'not at all descriptive of me' to 'very descriptive of me' please indicate how descriptive each of the following statements are of you. - When necessary I can say ""no"" to my partner's requests for help without feeling guilty",Using the 6 point scale from 'not at all descriptive of me' to 'very descriptive of me' please indicate how descriptive each of the following statements are of you. - I tend to be too domineering when trying to help my partner,"Using the 6 point scale from 'not at all descriptive of me' to 'very descriptive of me' please indicate how descriptive each of the following statements are of you. - When it's important, I take care of my own needs before I try to take care of my partner's",Using the 6 point scale from 'not at all descriptive of me' to 'very descriptive of me' please indicate how descriptive each of the following statements are of you. - I am very attentive to my partner's nonverbal signals for help and support,Using the 6 point scale from 'not at all descriptive of me' to 'very descriptive of me' please indicate how descriptive each of the following statements are of you. - I can easily keep myself from becoming overly concerned about or overly protective of my partner,"Using the 6 point scale from 'not at all descriptive of me' to 'very descriptive of me' please indicate how descriptive each of the following statements are of you. - I'm very good about recognising my partner's needs and feelings, even when they're different from my own",Using the 6 point scale from 'not at all descriptive of me' to 'very descriptive of me' please indicate how descriptive each of the following statements are of you. - I can help my partner work out their problems without 'taking control',Using the 6 point scale from 'not at all descriptive of me' to 'very descriptive of me' please indicate how descriptive each of the following statements are of you. - I sometimes draw away from my partner's attempts to get a reassuring hug from me,Using the 6 point scale from 'not at all descriptive of me' to 'very descriptive of me' please indicate how descriptive each of the following statements are of you. - I am always supportive of my partners own efforts to solve their problems,Using the 6 point scale from 'not at all descriptive of me' to 'very descriptive of me' please indicate how descriptive each of the following statements are of you. - I tend to take on my partners problems- and then feel burdened by them,"Using the 6 point scale from 'not at all descriptive of me' to 'very descriptive of me' please indicate how descriptive each of the following statements are of you. - When my partner seems to want or need a hug, I'm glad to provide it","Using the 6 point scale from 'not at all descriptive of me' to 'very descriptive of me' please indicate how descriptive each of the following statements are of you. - When I help my partner with something, I tend to want to do things ""my way""","Using the 6 point scale from 'not at all descriptive of me' to 'very descriptive of me' please indicate how descriptive each of the following statements are of you. - I frequently get too ""wrapped up"" in my partner's problems and needs","Using the 6 point scale from 'not at all descriptive of me' to 'very descriptive of me' please indicate how descriptive each of the following statements are of you. - I sometimes ""miss"" or ""misread"" my partner's signals for help and understanding","Using the 6 point scale from 'not at all descriptive of me' to 'very descriptive of me' please indicate how descriptive each of the following statements are of you. - When my partner is crying or emotionally upset, I sometimes feel like withdrawing","Using the 6 point scale from 'not at all descriptive of me' to 'very descriptive of me' please indicate how descriptive each of the following statements are of you. - When my partner tells me about a problem, I sometimes go too far in criticising their own attempts to deal with it",Using the 6 point scale from 'not at all descriptive of me' to 'very descriptive of me' please indicate how descriptive each of the following statements are of you. - I create problems by taking on my partner's troubles as if they were my own,"Using the 6 point scale from 'not at all descriptive of me' to 'very descriptive of me' please indicate how descriptive each of the following statements are of you. - When helping my partner solve a problem, I am much more ""cooperative"" than ""controlling""",,,,
1.00,2.00,1.00,6.00,2.00,23,,5,6,6,6,5,5,2,6,7,48.00,,3,1,4,4,2,4,5,1,2,3,1,4,2,3,4,4,3,1,5,5,4,4,3,4,2,4,4,2,2,90,,7,4,5,7,3,1,1,2,2,27,5,,5,3,3,5,3,6,5,5,5,6,3,6,5,6,4,2,3,5,4,4,5,4,4,2,6,4,1,4,6,2,5,2,40,39,27,25
1.00,2.00,1.00,5.00,2.00,23,,7,7,7,7,1,1,1,1,1,33.00,,1,1,1,5,1,1,1,1,2,1,1,2,1,2,1,2,2,1,4,2,1,1,1,1,1,2,1,1,1,43,,7,7,7,7,1,1,1,1,1,30,3,,6,2,5,6,2,6,6,5,6,6,1,6,2,6,6,1,5,6,6,5,2,6,1,2,6,1,1,5,6,1,1,2,47,41,15,24
1.00,2.00,1.00,5.00,2.00,23,,7,7,7,7,2,2,2,5,2,41.00,,4,2,4,5,2,4,5,1,2,5,1,4,1,5,4,1,4,5,5,5,5,1,4,4,5,5,5,5,5,108,,2,6,6,6,2,2,2,2,2,24,6,,3,5,5,5,5,3,5,3,6,4,5,2,5,3,2,5,1,3,3,3,6,2,6,6,5,5,5,2,6,6,6,5,34,26,43,33
1.00,2.00,1.00,6.00,2.00,24,,5,6,6,6,3,6,2,2,6,42.00,,3,2,4,4,2,2,3,2,2,2,1,1,1,4,3,2,3,3,4,4,3,4,2,2,2,4,2,2,2,75,,6,6,6,6,2,2,2,2,2,28,6,,5,3,2,5,5,5,5,5,5,5,2,5,2,5,5,2,5,5,5,2,5,5,2,2,5,2,4,4,5,2,2,3,37,34,20,30
1.00,2.00,1.00,5.00,2.00,23,,7,7,7,7,1,2,1,1,1,34.00,,4,1,2,5,2,3,1,1,3,3,1,5,1,2,3,1,2,4,4,4,2,1,4,2,1,2,5,4,3,76,,7,7,7,7,1,1,1,1,1,30,3,,4,4,4,5,5,6,6,3,6,6,4,4,4,5,4,2,3,4,5,3,4,6,3,5,5,4,3,6,5,2,3,2,40,37,25,32
1.00,2.00,1.00,5.00,3.00,55,,6,5,5,5,5,5,1,1,1,34.00,,1,1,1,4,1,1,1,1,2,4,1,1,1,2,2,1,1,1,2,2,1,1,2,1,1,2,1,1,1,42,,4,6,7,7,1,1,1,1,1,26,3,,6,2,1,5,3,6,5,5,6,6,1,4,2,6,2,1,1,5,2,5,1,6,2,1,6,2,1,5,6,2,1,1,40,40,12,12
1.00,2.00,1.00,7.00,2.00,18,,6,6,6,5,3,6,2,2,2,38.00,,3,2,4,4,2,2,4,3,3,4,1,4,1,4,2,2,1,2,4,4,3,4,4,2,3,4,5,4,2,87,,5,4,6,3,5,5,1,5,3,28,9,,5,3,3,2,4,6,5,5,5,1,2,1,5,5,3,3,5,5,3,3,6,5,5,2,3,2,3,4,6,6,5,4,33,32,34,27
1.00,2.00,1.00,8.00,3.00,23,,7,6,6,3,4,3,5,4,5,43.00,,4,2,2,4,1,3,4,1,2,2,1,2,1,2,4,2,1,2,5,4,2,2,4,1,2,2,3,1,1,67,,3,7,3,3,5,5,3,5,6,26,14,,4,4,3,6,3,6,6,5,6,6,3,5,1,5,6,1,5,5,3,4,2,6,2,3,6,2,2,5,6,1,3,3,42,40,15,28
1.00,2.00,1.00,5.00,4.00,32,,7,7,7,7,1,1,1,5,5,41.00,,2,1,2,5,1,1,3,1,2,5,1,4,1,1,3,1,3,1,2,4,3,3,1,3,1,3,1,1,1,61,,6,7,7,7,1,1,1,1,1,29,3,,6,2,1,6,1,6,6,5,6,6,2,3,1,6,2,1,5,5,5,5,1,6,1,4,6,1,3,6,6,1,2,1,40,41,8,24
1.00,2.00,1.00,5.00,2.00,25,,6,7,7,5,1,1,1,2,2,32.00,,2,2,3,5,1,1,4,2,3,4,1,5,1,3,3,2,2,4,4,4,2,2,2,3,2,1,4,4,1,77,,6,6,6,6,1,1,1,1,1,26,3,,5,3,2,6,1,5,5,5,6,6,2,6,3,6,5,2,6,5,4,5,2,6,1,2,6,2,2,6,5,2,4,2,41,41,16,26
1.00,2.00,1.00,5.00,2.00,52,,7,6,6,6,2,2,1,1,1,32.00,,3,1,2,5,1,2,2,1,2,2,1,4,1,2,2,2,2,2,3,2,3,1,1,2,1,2,3,3,2,60,,7,6,6,6,2,1,2,2,2,28,6,,6,2,2,6,5,6,6,3,6,6,5,6,3,6,5,3,5,5,6,5,2,6,2,4,6,4,3,5,6,3,2,3,44,38,22,35
1.00,2.00,4.00,8.00,1.00,19,,3,3,3,3,5,5,5,2,3,32.00,,2,1,4,3,1,2,4,1,2,3,1,2,1,2,3,2,4,2,2,5,3,3,2,2,1,4,2,1,1,66,,2,5,2,1,3,3,2,5,7,16,14,,3,5,2,2,4,6,2,2,1,3,1,3,2,6,6,1,5,3,5,3,3,5,1,4,2,2,2,5,3,1,1,3,21,33,15,28
1.00,2.00,1.00,8.00,1.00,22,,7,7,7,7,2,2,4,5,7,48.00,,1,1,2,5,2,2,4,1,4,1,1,5,1,1,4,1,1,4,5,5,2,1,2,2,1,1,1,5,4,70,,5,5,6,7,3,1,3,5,3,27,11,,5,3,3,6,2,5,6,5,6,6,3,6,5,6,4,3,3,5,4,6,2,6,1,4,6,5,2,6,6,2,2,2,44,42,23,24
1.00,1.00,1.00,7.00,3.00,31,,6,6,6,5,5,3,6,2,4,43.00,,2,1,4,1,1,1,5,1,1,5,1,2,1,1,4,2,4,1,4,2,4,1,2,1,1,1,2,1,1,58,,3,6,3,2,7,6,6,4,6,27,16,,6,2,3,5,3,4,4,3,5,4,1,2,4,2,6,2,6,3,2,2,3,6,3,2,5,2,2,3,4,1,2,2,35,23,20,24
1.00,1.00,1.00,1.00,4.00,,,7,7,7,7,1,1,1,1,2,34.00,,1,1,3,5,1,4,4,1,2,2,1,4,1,4,4,1,1,1,4,3,3,1,1,5,1,2,4,4,1,70,,6,5,6,7,1,2,2,1,1,27,4,,6,2,4,6,4,5,5,3,6,5,2,6,3,5,5,2,5,2,6,2,4,6,5,2,6,3,3,5,6,2,2,5,45,29,28,29
1.00,2.00,1.00,6.00,2.00,23,,6,6,6,7,2,3,1,3,2,36.00,,1,1,2,5,1,1,1,1,1,3,1,2,1,2,1,3,3,1,2,3,2,2,1,2,1,1,2,1,1,49,,6,6,6,6,2,4,2,2,1,30,5,,6,2,1,6,2,5,6,6,6,5,1,6,1,5,4,1,2,5,2,5,2,6,1,2,6,1,2,4,4,1,1,2,41,37,10,16
1.00,2.00,1.00,8.00,1.00,20,,6,6,6,4,2,5,6,7,7,49.00,,2,2,4,4,3,3,4,1,3,2,1,4,1,1,5,3,3,3,3,4,3,2,4,3,4,2,2,2,1,79,,4,6,5,2,4,2,4,3,6,23,13,,5,3,4,3,4,6,4,3,4,6,3,1,3,6,6,1,6,4,5,3,4,4,1,6,5,4,3,5,2,2,4,2,29,36,21,37
1.00,1.00,1.00,5.00,2.00,26,,6,6,6,6,2,2,2,2,2,34.00,,1,1,3,4,2,1,2,1,2,2,1,4,1,1,2,2,2,2,4,2,2,1,1,3,1,4,4,4,1,61,,3,6,4,6,2,6,4,2,2,27,8,,5,3,2,5,2,5,5,5,6,5,2,6,2,4,5,1,5,2,3,4,3,5,4,1,5,2,1,4,5,2,2,3,39,32,19,21
1.00,1.00,1.00,2.00,2.00,40,,6,6,6,6,2,3,2,3,5,39.00,,2,3,4,4,3,2,2,1,2,5,1,3,3,4,2,1,4,1,2,2,3,4,1,3,1,3,1,4,1,72,,6,4,7,6,2,2,1,1,2,27,4,,6,2,1,6,2,6,6,5,6,6,2,3,3,6,6,1,3,5,5,5,2,6,2,3,6,2,1,5,6,1,1,2,40,40,14,23
1.00,2.00,1.00,6.00,3.00,,,7,5,6,6,2,6,6,6,6,50.00,,1,4,5,5,5,4,4,1,2,4,1,4,1,4,4,3,4,2,4,4,4,4,2,4,4,4,4,4,1,97,,3,3,6,7,5,7,2,3,2,31,7,,3,5,2,5,2,5,4,4,6,2,3,5,6,3,3,4,3,4,2,5,2,4,2,4,5,5,5,1,5,6,4,3,34,29,30,26
1.00,2.00,1.00,6.00,1.00,21,,2,6,6,5,2,3,6,5,6,41.00,,1,1,3,4,1,3,4,1,5,4,1,4,1,4,2,1,1,1,4,4,4,2,1,1,1,2,2,4,2,69,,5,6,7,6,2,2,1,2,4,28,7,,6,2,2,4,4,4,5,2,6,5,2,5,4,6,2,1,6,5,5,4,2,6,2,5,6,2,4,6,4,1,2,2,40,34,16,30
1.00,2.00,1.00,6.00,1.00,22,,6,5,5,5,5,3,3,2,3,37.00,,2,2,4,5,1,3,4,1,2,4,2,3,1,2,2,2,2,2,4,4,2,1,2,2,1,4,4,1,1,70,,5,6,6,7,1,1,1,1,1,26,3,,4,4,5,6,3,6,5,3,3,6,2,2,1,6,6,1,1,4,6,2,6,4,2,1,3,2,1,6,6,1,1,3,32,37,21,21
2.00,2.00,1.00,5.00,2.00,22,,7,7,7,7,1,2,1,1,1,34.00,,1,3,2,5,1,2,2,1,1,1,1,1,1,1,3,1,1,2,4,1,3,4,1,2,1,1,2,1,1,51,,6,7,6,7,1,1,1,1,2,28,4,,4,4,2,6,4,5,6,2,6,6,3,6,2,4,3,4,2,4,5,2,5,4,2,2,6,5,3,2,5,2,2,3,39,29,25,24
1.00,2.00,1.00,1.00,4.00,,,7,7,7,7,1,1,1,1,1,33.00,,3,1,4,5,1,2,4,1,2,2,1,2,1,2,4,1,2,2,4,3,3,2,1,2,1,4,4,2,2,68,,7,6,7,7,2,2,1,1,1,31,3,,4,4,2,4,3,6,5,4,5,6,2,6,2,5,4,2,5,4,2,5,3,5,2,2,5,2,1,5,6,2,1,2,38,39,17,20
1.00,2.00,1.00,5.00,1.00,22,,6,6,6,6,2,2,2,2,5,37.00,,4,1,4,5,1,5,5,1,2,4,1,4,1,4,2,1,1,2,4,2,4,1,2,4,2,4,5,2,1,79,,3,6,6,3,5,2,2,3,2,25,7,,5,3,2,6,3,5,5,5,6,5,4,3,5,3,5,5,3,4,2,4,3,5,2,4,6,5,4,5,6,2,1,4,38,34,28,26
5.00,1.00,1.00,5.00,1.00,23,,5,4,4,4,3,4,1,1,1,27.00,,3,5,4,5,2,4,3,1,1,5,3,3,4,4,1,3,2,2,3,3,4,4,1,1,4,3,4,4,2,88,,7,7,7,4,4,2,2,5,3,31,10,,5,4,5,4,4,5,4,3,3,4,3,3,4,5,3,2,5,2,5,3,4,4,4,1,3,5,2,5,5,4,5,2,32,31,30,28
1.00,1.00,1.00,6.00,2.00,28,,7,7,7,7,1,1,1,2,2,35.00,,1,1,3,5,1,1,1,1,2,2,1,1,1,2,1,4,1,1,1,1,4,3,1,1,1,1,1,1,1,46,,7,6,7,6,2,2,2,1,1,30,4,,6,2,1,5,4,6,5,5,6,4,1,6,3,5,2,1,3,2,2,3,3,6,1,1,6,1,1,6,6,1,1,2,42,33,13,15
1.00,2.00,1.00,1.00,2.00,43,,7,6,5,5,2,1,5,2,4,37.00,,2,1,4,5,2,5,2,1,2,1,1,1,1,1,2,1,4,1,2,2,2,3,1,4,4,1,4,1,1,62,,7,7,7,7,1,1,1,1,1,30,3,,5,3,2,6,2,5,5,4,6,3,1,4,3,4,4,2,4,3,1,3,4,6,3,4,5,4,2,5,5,5,3,3,38,30,26,21
1.00,2.00,1.00,6.00,1.00,21,,7,7,7,7,1,1,1,1,1,33.00,,2,2,1,5,2,3,1,1,1,1,1,3,1,1,1,2,1,2,3,1,1,2,2,1,1,1,2,1,1,47,,7,7,7,7,1,1,1,3,2,30,6,,5,3,4,6,4,5,5,5,5,6,3,2,5,4,2,5,4,4,3,5,3,6,4,4,5,5,4,6,4,4,4,3,36,38,33,28
1.00,1.00,1.00,5.00,2.00,25,,6,6,6,6,2,2,2,2,2,34.00,,1,1,4,4,1,2,4,1,2,4,1,2,1,2,3,3,1,1,2,3,2,2,2,1,1,2,1,1,1,56,,6,5,7,7,2,1,1,6,1,28,8,,4,4,3,6,2,5,5,5,5,5,2,4,4,4,2,4,4,4,4,3,3,5,3,2,5,5,3,4,5,3,3,3,36,34,28,22
1.00,1.00,1.00,5.00,2.00,22,,5,6,5,6,3,3,4,4,2,38.00,,4,1,1,5,1,2,4,1,3,4,1,3,1,3,1,1,1,3,4,3,4,1,1,1,1,1,2,2,1,61,,7,5,7,6,2,2,2,2,4,29,8,,6,2,1,2,3,3,6,4,6,5,4,3,2,4,3,2,4,2,3,4,1,6,1,2,6,2,4,4,6,2,1,1,40,28,12,24
1.00,2.00,1.00,8.00,2.00,25,,3,5,5,2,3,3,5,5,5,36.00,,4,1,5,4,4,4,5,1,4,4,2,4,1,4,5,2,4,2,5,5,4,2,5,5,4,2,4,4,1,101,,5,3,5,6,2,2,5,5,5,23,15,,5,4,1,5,5,6,6,5,6,6,3,1,4,5,5,2,3,4,6,6,2,6,1,4,6,5,2,5,6,3,2,2,37,41,20,30
1.00,2.00,1.00,6.00,4.00,23,,1,1,1,1,1,1,1,2,2,11.00,,3,1,4,4,1,1,4,1,2,4,1,4,1,1,4,1,3,1,4,4,4,2,2,4,1,4,4,1,1,72,,6,6,7,6,2,5,1,1,2,32,4,,6,2,2,5,2,6,6,4,6,6,4,6,3,5,4,3,5,5,3,4,3,6,1,4,6,4,4,4,6,1,3,2,44,36,19,29
1.00,2.00,3.00,8.00,1.00,27,,6,5,5,3,1,4,1,1,4,30.00,,1,2,4,4,1,2,3,1,1,4,1,3,1,2,1,4,1,1,2,1,2,3,1,4,2,1,2,1,1,57,,7,3,4,6,1,1,1,3,5,22,9,,6,2,4,6,2,6,5,4,6,2,4,6,3,5,3,2,3,5,5,3,5,5,5,4,6,5,3,6,4,1,1,2,42,33,27,25
1.00,2.00,1.00,5.00,2.00,21,,7,6,7,6,1,2,1,1,1,32.00,,2,1,2,4,1,2,3,1,2,4,1,3,1,2,3,2,1,2,4,3,2,2,1,3,1,3,2,2,1,61,,6,6,7,7,1,2,1,2,1,29,4,,6,2,2,6,2,6,6,5,6,5,1,4,2,6,6,1,6,4,5,4,2,6,2,1,6,2,2,5,6,2,1,2,42,37,15,24
1.00,2.00,1.00,8.00,1.00,22,,6,5,7,6,2,2,3,3,5,39.00,,4,1,2,4,2,4,4,1,3,2,1,2,1,3,3,2,3,2,4,4,3,3,2,3,1,3,3,2,2,74,,6,6,6,5,3,2,2,2,5,28,9,,4,4,2,5,3,4,5,4,5,3,4,4,4,3,4,3,4,4,5,4,3,4,3,3,6,3,2,4,5,3,3,3,35,30,24,28
1.00,2.00,1.00,5.00,2.00,23,,7,7,7,7,1,2,1,3,4,39.00,,2,1,4,1,1,3,5,2,3,4,1,3,1,2,4,3,2,2,4,5,4,2,2,3,3,4,4,4,2,81,,7,5,7,7,3,2,1,2,4,31,7,,3,5,5,6,2,6,6,3,6,5,6,6,3,5,2,4,5,5,5,5,2,3,3,2,6,4,3,5,5,4,2,3,40,39,28,27
1.00,2.00,1.00,6.00,2.00,21,,7,7,7,7,2,2,2,2,2,38.00,,2,1,4,4,4,2,4,2,4,4,2,4,1,4,3,2,3,4,4,4,4,2,4,3,3,2,4,4,3,91,,6,5,6,6,2,2,1,2,3,27,6,,3,5,3,5,3,4,5,5,5,4,4,4,5,5,4,2,5,4,5,3,4,4,2,5,5,5,4,4,5,2,4,3,34,34,26,34
1.00,2.00,1.00,1.00,2.00,58,,7,7,6,5,1,2,1,1,1,31.00,,1,2,2,2,1,2,2,1,1,3,1,2,1,3,3,2,1,1,3,2,3,1,1,1,1,1,1,1,1,47,,5,3,6,7,1,2,1,1,1,24,3,,6,2,2,6,5,5,6,5,6,6,2,6,2,5,5,1,6,5,5,5,2,6,2,2,6,2,2,5,6,1,1,2,44,38,14,28
1.00,2.00,2.00,5.00,1.00,21,,7,7,7,7,2,5,2,5,2,44.00,,1,1,2,4,2,2,2,1,2,4,1,2,1,2,1,1,5,1,2,4,2,1,1,2,1,2,1,1,1,53,,6,7,6,7,2,2,2,1,2,30,5,,5,3,2,6,3,5,6,6,6,5,2,5,1,5,5,2,4,4,4,5,2,5,1,2,5,4,2,5,4,2,2,5,38,38,19,24
1.00,2.00,1.00,1.00,1.00,,,7,7,7,7,1,1,1,1,1,33.00,,2,1,1,4,1,1,3,1,2,2,1,1,1,4,1,1,1,1,3,1,2,1,1,1,1,1,2,1,1,44,,7,6,7,7,1,1,1,1,1,29,3,,6,2,1,6,6,6,6,6,6,6,1,6,1,6,5,1,6,6,6,6,1,6,2,1,6,2,1,6,6,1,1,5,43,44,14,27
1.00,2.00,1.00,6.00,1.00,22,,5,6,6,5,2,2,5,5,5,41.00,,1,1,1,4,1,4,4,1,4,2,1,5,1,4,2,1,4,2,5,2,2,4,4,1,4,4,4,2,1,76,,5,6,7,7,1,2,2,1,1,28,4,,6,2,5,6,2,6,6,3,5,6,1,6,4,4,6,2,5,3,4,2,5,6,3,1,6,2,2,2,6,2,1,4,46,28,27,22
1.00,1.00,1.00,5.00,1.00,25,,7,7,6,7,1,1,1,1,1,32.00,,2,2,2,4,3,4,4,2,4,2,1,4,2,4,4,2,4,3,4,4,3,2,4,5,2,2,4,4,2,89,,4,6,6,6,1,1,2,2,2,24,6,,6,2,2,5,3,3,5,5,5,5,5,6,5,4,5,2,5,3,3,5,5,6,2,6,6,5,6,1,3,4,5,2,39,28,27,38
1.00,1.00,3.00,5.00,3.00,22,,5,6,6,3,2,3,1,1,1,28.00,,1,1,4,5,1,2,4,1,1,4,1,1,1,4,4,4,4,1,2,2,4,3,1,1,1,1,3,1,1,64,,6,5,7,7,3,1,1,6,2,29,9,,4,4,3,1,2,3,3,2,4,4,1,4,4,2,3,2,3,3,2,3,3,4,2,2,4,3,1,2,3,2,1,3,29,23,22,15
1.00,2.00,1.00,1.00,2.00,54,,6,6,6,6,2,4,1,2,1,34.00,,4,1,2,3,1,5,4,1,4,3,1,4,1,2,2,1,3,1,4,4,2,1,2,1,1,3,1,2,1,65,,6,3,4,6,3,3,1,2,2,25,5,,5,3,2,6,2,5,5,4,6,5,1,6,1,5,6,1,6,4,5,5,2,6,1,6,6,3,5,5,6,1,6,1,42,36,12,37
2.00,1.00,1.00,5.00,2.00,21,,6,7,7,7,1,2,2,2,2,36.00,,1,1,2,5,1,2,4,1,1,4,1,1,1,2,1,1,1,1,2,2,1,1,1,1,1,1,4,1,1,47,,7,7,6,7,2,1,1,1,2,30,4,,6,2,1,6,1,5,5,5,6,6,2,6,1,5,6,2,2,6,5,5,2,6,1,2,6,3,1,6,5,2,1,1,41,40,13,20
1.00,2.00,2.00,1.00,3.00,57,,6,6,5,6,1,2,2,1,1,30.00,,1,1,4,4,1,2,1,1,2,3,1,1,1,4,1,1,1,1,4,1,2,1,2,1,1,1,3,1,1,49,,7,7,7,7,1,1,1,1,1,30,3,,6,2,4,6,2,6,5,5,6,5,5,5,3,6,5,1,5,2,5,5,3,6,4,5,6,5,5,6,6,1,1,4,44,37,25,33
1.00,2.00,3.00,5.00,2.00,21,,7,6,6,6,3,4,1,2,4,39.00,,1,1,4,4,1,3,4,1,2,4,1,2,1,3,1,1,4,1,4,5,3,1,2,3,1,5,2,2,1,68,,7,6,5,6,2,2,1,2,4,28,7,,6,2,2,5,3,5,5,4,5,4,1,4,1,4,5,1,6,4,5,3,3,5,2,2,5,2,3,4,3,2,3,3,35,30,16,28
,2.00,1.00,1.00,2.00,,,2,3,3,2,5,7,7,4,7,40.00,,2,1,4,5,1,2,4,1,1,4,1,1,1,1,3,1,4,1,3,3,3,1,1,4,1,4,2,1,1,62,,4,6,7,7,1,6,3,2,1,31,6,,6,2,4,6,4,6,6,6,6,6,1,6,3,6,4,1,2,5,2,5,1,6,2,3,6,2,2,6,6,1,1,2,46,42,16,19
1.00,2.00,1.00,6.00,1.00,22,,5,5,5,3,2,5,2,2,2,31.00,,2,1,5,5,1,4,5,1,2,5,1,2,1,4,4,1,2,1,4,4,4,1,1,5,4,5,1,1,1,78,,6,2,6,6,2,1,1,1,5,23,7,,5,3,2,5,1,6,4,5,5,6,1,1,1,4,2,2,4,5,2,5,1,4,1,2,5,5,2,3,3,2,2,2,29,37,16,16
2.00,2.00,1.00,1.00,3.00,49,,7,6,7,7,1,1,7,1,2,39.00,,5,1,4,5,4,4,4,1,2,4,1,5,1,5,1,4,4,4,5,4,4,2,5,1,4,3,4,4,2,97,,6,7,7,7,1,1,1,1,1,29,3,,5,3,1,6,1,6,5,6,6,6,2,6,2,5,5,3,6,1,5,1,5,6,5,2,6,1,1,6,6,2,1,2,41,34,21,23
1.00,2.00,1.00,5.00,3.00,52,,7,7,7,7,1,1,1,1,1,33.00,,1,1,1,4,1,1,1,1,2,1,1,1,1,1,1,1,1,1,1,1,1,1,1,1,1,1,1,1,1,33,,7,7,7,7,1,1,1,1,1,30,3,,6,2,2,5,1,6,6,5,5,6,1,4,2,6,1,1,6,2,4,5,1,6,1,1,6,1,1,6,6,1,1,1,41,38,10,16
,1.00,1.00,7.00,2.00,,,6,6,6,6,3,2,4,3,4,40.00,,2,4,4,4,3,2,4,4,3,1,1,2,2,3,3,4,3,2,4,5,2,5,3,1,4,5,5,3,1,89,,3,6,6,1,6,6,5,2,6,28,13,,4,4,2,6,2,2,5,4,5,4,3,4,2,4,5,1,1,2,5,2,5,6,4,3,6,4,6,2,2,1,6,3,34,24,22,31
1.00,2.00,1.00,8.00,1.00,19,,6,7,7,6,4,2,5,3,5,45.00,,1,1,4,4,3,2,3,2,2,2,3,3,1,4,2,4,1,2,2,3,4,1,1,1,1,1,2,2,1,63,,4,3,6,6,2,3,1,2,2,24,5,,3,5,2,4,3,4,3,5,5,5,2,4,3,5,1,2,1,4,5,5,1,5,3,3,5,2,2,5,5,1,4,3,32,38,17,21
1.00,1.00,2.00,8.00,5.00,51,,5,5,6,5,1,1,2,2,5,32.00,,4,1,4,5,1,4,4,1,3,4,1,2,1,4,3,1,3,2,5,4,4,1,3,3,3,4,4,3,3,85,,4,5,5,5,3,3,3,3,4,25,10,,6,2,4,5,4,6,4,4,5,2,3,4,3,6,6,3,6,3,3,4,3,6,2,4,6,3,1,6,6,1,1,4,41,33,23,28
2.00,2.00,1.00,1.00,3.00,34,,5,5,5,5,3,5,3,4,3,38.00,,1,1,4,5,1,1,4,1,3,3,1,1,1,4,3,1,3,1,4,1,2,3,3,1,1,1,2,2,1,60,,3,4,5,5,3,2,1,1,1,22,3,,5,3,2,6,2,6,6,4,6,5,4,5,2,5,2,1,5,5,4,2,2,6,1,2,6,2,1,6,6,2,1,2,42,36,14,21
1.00,2.00,1.00,7.00,1.00,23,,6,3,6,5,5,5,5,5,5,45.00,,2,3,3,4,4,4,4,3,2,3,1,4,1,4,3,2,2,2,4,3,2,4,1,3,2,2,4,3,1,80,,3,3,4,6,2,2,2,2,2,20,6,,5,3,3,6,3,5,6,6,6,6,3,1,4,5,2,2,6,6,3,6,1,6,1,3,6,3,3,6,5,2,1,1,38,43,17,24
1.00,2.00,1.00,7.00,2.00,37,,6,6,6,6,3,3,5,2,4,41.00,,4,3,4,4,3,3,2,1,3,4,2,3,4,4,2,4,1,3,4,3,3,3,3,2,2,2,3,3,2,84,,6,6,6,6,2,2,2,2,2,28,6,,6,2,2,5,2,6,5,5,5,5,4,2,4,5,4,3,3,5,4,5,2,5,2,3,5,3,2,4,5,2,2,3,35,37,21,24
,2.00,1.00,6.00,1.00,,,7,7,7,7,1,1,1,2,5,38.00,,3,1,4,4,1,2,4,1,5,4,1,2,1,4,2,3,3,1,4,4,2,3,2,3,4,2,1,1,1,73,,5,6,7,5,2,2,2,2,2,27,6,,6,2,2,6,2,6,6,5,6,6,2,4,2,5,6,1,5,5,5,5,1,6,1,5,6,3,5,5,4,1,2,1,40,39,12,32
1.00,2.00,1.00,8.00,1.00,19,,6,6,6,6,1,3,5,5,6,44.00,,3,1,3,5,4,3,4,1,4,5,1,4,1,1,4,2,2,4,5,2,3,2,2,2,1,3,4,2,1,79,,4,4,4,6,1,4,3,1,2,23,6,,4,4,3,6,4,5,5,2,6,5,4,5,2,4,5,4,5,2,4,2,3,5,3,1,6,3,1,5,5,1,3,3,39,29,22,27
1.00,2.00,1.00,1.00,2.00,52,,7,7,7,6,1,1,1,1,1,32.00,,1,1,1,4,4,1,1,1,3,1,2,2,1,2,1,1,1,2,4,1,3,3,1,2,2,1,4,4,1,56,,3,7,7,7,1,1,1,1,1,26,3,,6,2,3,6,6,6,6,6,6,6,5,5,2,6,6,1,6,6,6,6,2,6,1,6,6,5,6,6,6,2,1,1,44,44,17,42
1.00,2.00,1.00,5.00,3.00,22,,5,6,6,7,2,3,2,1,2,34.00,,1,1,2,4,1,2,4,1,2,4,1,1,1,2,3,4,2,1,4,4,3,4,2,2,3,2,1,1,1,64,,6,6,5,3,2,2,6,2,3,24,11,,6,2,1,5,5,5,5,4,5,5,5,4,4,5,5,3,3,3,5,3,4,5,2,3,6,4,4,5,6,2,4,4,38,32,24,34
1.00,2.00,1.00,6.00,1.00,24,,6,6,6,6,2,5,5,7,7,50.00,,1,1,4,4,1,4,4,1,2,4,1,3,1,3,4,1,4,3,4,5,4,3,4,4,3,4,4,4,2,87,,7,2,3,3,6,6,6,6,6,27,18,,1,7,3,5,6,5,5,2,5,5,6,5,6,4,6,6,5,4,6,3,5,4,4,6,6,6,6,4,4,6,6,5,33,34,41,47
1.00,2.00,3.00,5.00,2.00,22,,7,7,7,7,1,1,1,1,1,33.00,,1,1,2,4,1,2,1,1,1,3,1,1,1,2,2,1,2,1,2,2,3,1,1,1,1,3,1,1,1,45,,4,4,7,7,1,1,1,1,1,24,3,,6,2,1,6,1,6,5,6,6,6,1,6,3,6,1,1,4,5,1,6,1,6,1,1,6,1,1,5,6,1,1,2,42,42,11,11
1.00,2.00,1.00,8.00,1.00,24,,6,6,6,6,2,3,3,3,5,40.00,,1,1,2,3,1,2,2,1,2,4,2,2,1,2,3,4,3,2,3,4,2,2,1,4,1,3,2,1,1,62,,7,6,5,7,1,1,2,2,3,27,7,,5,3,4,5,3,5,5,3,6,5,4,4,3,5,5,2,5,4,6,3,4,6,3,3,6,3,3,5,6,4,3,4,42,33,27,32
1.00,2.00,1.00,8.00,2.00,23,,7,7,7,7,1,1,1,1,1,33.00,,2,1,1,4,1,1,1,1,1,1,1,1,1,1,1,1,1,1,1,1,2,1,1,1,1,1,1,1,1,34,,6,6,6,6,2,4,2,2,2,30,6,,6,2,1,5,2,6,5,5,5,5,1,5,2,6,2,2,2,5,2,5,2,5,2,2,5,2,2,5,5,2,2,5,37,39,18,15
1.00,2.00,1.00,8.00,1.00,18,,4,4,4,4,4,4,4,4,4,36.00,,4,3,4,3,4,3,2,3,3,4,3,4,3,3,4,3,3,3,3,4,3,2,3,3,2,3,3,3,1,89,,3,4,4,4,3,4,3,2,2,22,7,,3,5,3,4,3,3,4,4,4,3,4,3,4,3,3,4,3,4,3,4,3,3,3,4,4,4,4,3,3,4,4,3,27,29,28,28
1.00,2.00,5.00,1.00,2.00,44,,7,7,7,7,1,1,1,1,1,33.00,,1,1,1,5,1,1,3,1,1,1,1,1,1,2,1,1,4,1,2,1,4,3,1,5,1,1,1,1,1,49,,7,7,7,7,1,1,2,1,1,30,4,,6,2,1,6,4,6,6,6,6,6,2,6,1,5,6,1,6,6,6,2,2,6,1,4,6,1,2,6,6,1,1,1,43,39,9,31
5.00,1.00,1.00,1.00,2.00,55,,6,5,6,4,2,2,1,2,2,30.00,,1,2,1,4,1,1,5,1,1,5,1,1,3,5,1,2,4,1,5,1,5,3,4,4,5,1,1,1,1,71,,6,7,7,7,1,6,2,1,7,34,10,,6,2,1,5,6,6,5,6,6,2,4,6,1,4,6,2,3,5,6,6,2,6,2,3,5,1,1,6,6,1,1,2,41,37,12,30
1.00,2.00,1.00,8.00,1.00,25,,6,6,6,7,2,2,4,4,2,39.00,,4,1,2,4,2,1,3,5,5,3,2,3,2,3,4,4,1,5,2,3,4,2,5,3,2,5,2,2,4,88,,6,5,7,7,1,1,3,1,2,27,6,,3,6,3,2,5,4,5,1,5,5,5,4,2,3,5,4,5,6,5,5,3,6,2,3,5,2,3,3,4,6,5,4,35,33,26,36
1.00,2.00,3.00,8.00,1.00,22,,6,6,6,6,3,5,5,5,3,45.00,,3,2,4,4,1,4,4,1,4,5,1,3,1,2,2,2,2,1,4,4,2,2,1,2,1,2,4,1,2,71,,7,6,6,3,1,1,1,2,7,24,10,,5,4,2,4,2,5,4,3,6,5,3,3,2,4,4,2,4,4,3,4,2,6,3,5,6,4,3,5,5,1,1,3,37,34,19,25
1.00,2.00,1.00,6.00,2.00,23,,7,7,7,6,5,4,4,5,5,50.00,,1,4,4,5,1,1,1,1,3,4,1,3,1,4,1,2,2,1,1,4,3,2,1,3,1,5,1,1,1,63,,2,5,3,6,3,6,2,3,5,25,10,,5,3,2,6,2,4,4,4,3,2,2,2,4,2,2,2,3,4,3,4,2,5,2,2,6,6,2,2,4,3,1,4,31,25,25,17
1.00,2.00,1.00,5.00,3.00,31,,7,7,6,7,1,1,1,1,1,32.00,,1,1,1,4,1,1,1,1,1,1,1,1,1,1,2,1,1,1,2,1,1,1,1,1,1,1,1,1,1,34,,7,7,7,7,1,1,1,1,1,30,3,,6,2,1,6,1,6,6,6,6,6,1,3,1,6,6,1,3,6,1,5,1,6,1,2,6,4,2,6,6,1,1,2,40,43,12,17
1.00,2.00,1.00,5.00,3.00,21,,7,7,7,7,1,2,1,1,1,34.00,,1,1,1,4,1,1,2,1,2,2,1,1,1,2,4,1,3,1,1,2,1,1,1,2,1,2,1,1,1,44,,6,6,6,6,2,1,2,2,3,27,7,,6,2,2,4,5,5,4,3,5,4,6,6,6,6,3,6,5,5,6,1,4,6,3,2,6,2,4,3,6,1,2,3,41,29,27,33
1.00,1.00,1.00,5.00,2.00,21,,7,7,7,6,1,3,1,1,1,34.00,,3,1,4,4,3,4,2,1,4,4,1,4,1,2,1,1,1,4,5,2,4,1,3,2,2,1,4,2,2,73,,6,6,6,7,1,2,1,1,2,28,4,,5,3,2,5,5,6,6,6,5,5,2,4,3,5,6,3,5,5,2,3,3,6,1,2,6,2,1,6,6,1,1,2,40,39,17,24
1.00,2.00,1.00,1.00,2.00,55,,7,7,7,7,2,1,1,1,1,34.00,,1,1,1,4,1,1,1,1,2,2,1,1,1,2,1,5,3,1,2,2,1,1,2,3,1,2,1,1,1,47,,3,6,6,6,2,7,2,2,2,30,6,,6,2,1,6,2,2,6,5,5,5,3,6,2,4,5,2,4,3,5,3,4,6,2,2,5,2,1,5,6,1,2,1,41,29,15,24
1.00,2.00,1.00,5.00,2.00,25,,7,7,7,7,1,1,1,5,5,41.00,,4,1,4,5,4,4,5,1,2,4,1,2,1,4,5,2,2,1,5,4,4,4,4,4,1,4,5,4,1,92,,7,3,7,7,1,1,1,1,1,26,3,,6,2,4,6,6,6,6,6,6,6,6,6,6,6,2,4,4,6,6,4,6,6,5,6,6,6,6,5,6,6,2,5,46,41,42,38
1.00,2.00,1.00,1.00,5.00,45,,7,7,7,7,7,1,1,1,1,39.00,,2,1,1,5,1,2,1,1,2,1,1,2,1,4,1,5,1,1,1,1,2,1,1,1,1,1,2,1,1,46,,7,7,7,7,1,1,1,1,1,30,3,,6,2,2,6,2,6,6,5,6,6,3,6,2,6,5,2,4,6,5,5,2,6,1,1,6,1,1,6,6,1,2,1,44,42,12,23
1.00,1.00,2.00,6.00,1.00,21,,7,7,7,5,2,2,1,6,2,39.00,,4,1,4,5,2,5,5,2,4,5,2,2,3,5,5,4,4,4,5,4,5,4,2,4,2,5,5,4,2,108,,6,6,7,6,3,3,3,2,2,31,7,,5,3,3,3,5,6,5,5,5,6,4,4,5,5,4,5,2,3,4,3,5,4,3,2,5,5,1,6,6,4,3,4,37,37,34,25
1.00,2.00,1.00,6.00,3.00,,,6,6,6,7,3,5,2,5,4,44.00,,1,3,4,4,1,2,3,1,2,4,1,2,1,2,2,2,2,1,2,3,2,3,1,2,1,3,2,2,1,60,,4,6,4,5,3,3,2,2,2,25,6,,6,2,2,5,2,4,5,5,5,5,2,5,5,5,5,2,2,5,2,2,5,3,2,4,5,5,2,5,6,4,2,2,37,33,27,21
1.00,2.00,1.00,1.00,2.00,52,,7,7,7,7,1,1,3,5,5,43.00,,4,4,4,5,5,2,1,1,2,5,1,4,2,4,5,2,1,1,5,5,2,5,1,1,1,5,4,4,1,87,,3,6,7,6,1,6,1,1,1,29,3,,6,2,1,6,1,6,6,6,6,6,4,6,2,6,6,2,6,6,5,5,2,6,1,1,6,1,1,6,6,1,1,1,43,43,11,25
1.00,2.00,1.00,1.00,1.00,59,,7,7,7,7,1,1,1,1,1,33.00,,1,1,2,4,1,1,2,1,2,4,1,1,1,1,2,1,5,1,2,2,2,2,1,2,1,3,1,1,1,50,,7,6,7,7,2,1,1,1,1,30,3,,6,2,1,5,2,5,5,5,6,6,4,5,2,6,3,1,3,5,4,5,1,6,1,4,6,1,4,6,6,1,1,1,41,40,9,25
1.00,2.00,1.00,5.00,2.00,24,,7,7,6,7,1,2,1,1,5,37.00,,1,1,4,5,1,2,2,1,1,4,1,2,1,3,2,1,1,1,2,1,4,3,1,2,1,1,4,1,1,55,,7,7,7,7,1,1,1,5,1,30,7,,6,2,1,6,2,6,6,3,6,6,2,6,6,6,6,1,2,4,2,4,1,6,2,3,6,4,1,5,6,1,1,1,43,36,17,19
1.00,1.00,1.00,8.00,1.00,23,,7,6,6,3,2,3,1,1,1,30.00,,4,4,1,2,5,4,5,1,5,1,1,2,4,1,1,5,4,5,5,4,1,5,4,3,1,1,1,4,1,85,,3,6,6,3,1,1,1,1,5,20,7,,6,2,4,6,6,5,6,4,6,6,6,6,3,5,6,1,1,5,6,5,2,6,1,6,6,1,6,5,6,1,6,1,46,37,14,43
1.00,2.00,1.00,3.00,3.00,60,,6,6,6,5,5,5,5,5,5,48.00,,4,2,2,4,2,2,4,1,2,2,1,2,1,2,4,2,2,2,4,4,2,2,2,2,2,4,2,2,1,68,,5,5,5,6,2,3,2,2,2,26,6,,6,2,2,6,1,6,6,6,6,6,5,6,3,6,3,2,6,6,5,2,5,6,5,2,6,4,2,4,6,1,4,2,44,38,24,28
1.00,2.00,1.00,1.00,4.00,60,,5,3,5,6,4,5,1,1,1,31.00,,3,1,3,2,1,1,1,1,2,4,1,1,1,1,1,1,2,1,3,1,3,1,1,1,2,1,2,1,1,45,,6,6,6,7,3,2,1,2,2,30,5,,4,4,4,2,2,4,2,4,4,5,1,2,5,4,5,2,5,2,5,4,4,4,2,3,4,5,2,5,5,3,2,5,29,32,30,25
1.00,2.00,1.00,1.00,4.00,39,,7,7,7,7,2,1,1,1,1,34.00,,2,1,2,5,4,4,2,1,4,5,2,4,2,4,2,1,3,2,4,3,4,3,1,2,2,3,4,4,2,82,,6,6,6,7,1,5,1,1,1,31,3,,5,3,2,5,3,6,5,5,6,5,2,6,5,6,3,5,5,5,2,5,2,5,3,4,6,5,5,5,5,5,5,4,40,40,31,29
1.00,2.00,1.00,5.00,3.00,23,,7,7,7,7,2,2,2,5,5,44.00,,4,1,1,4,2,4,5,1,4,1,1,3,1,4,4,1,2,2,4,4,3,1,1,2,1,1,2,1,2,67,,7,6,6,7,3,1,1,1,1,30,3,,6,2,4,6,5,5,6,2,6,4,5,6,3,4,2,5,3,2,5,3,4,6,2,4,6,4,3,4,5,3,1,5,45,26,30,28
1.00,1.00,2.00,8.00,1.00,30,,7,7,6,6,2,2,6,6,6,48.00,,2,1,2,4,2,2,4,1,2,5,1,2,1,2,4,1,5,2,4,4,3,1,3,3,2,3,3,2,2,73,,3,6,3,5,2,1,1,2,3,20,6,,6,2,4,6,6,6,5,2,5,6,6,5,3,6,6,2,6,6,6,4,2,6,1,5,5,4,4,4,6,2,3,2,42,36,20,42
1.00,1.00,1.00,1.00,4.00,40,,6,6,6,7,1,2,4,4,1,37.00,,3,4,4,4,2,2,3,1,3,4,2,2,3,4,4,3,4,1,3,3,1,4,2,4,1,3,1,1,1,77,,4,4,7,7,4,4,1,2,1,30,4,,6,2,3,6,4,5,6,5,6,5,4,6,3,4,5,1,6,4,6,5,2,6,1,3,6,3,4,4,6,2,2,2,45,34,17,34
1.00,2.00,1.00,1.00,2.00,57,,6,6,6,6,1,1,6,4,4,40.00,,1,1,3,1,1,1,1,1,1,1,1,1,1,1,1,5,5,1,2,1,1,1,1,4,1,1,1,1,1,43,,2,4,6,7,1,1,1,1,1,21,3,,6,2,4,6,1,2,2,3,6,4,1,6,1,4,6,1,6,1,6,2,5,5,5,2,2,1,2,4,6,1,1,1,37,22,19,25
1.00,1.00,1.00,5.00,2.00,25,,7,7,7,7,1,1,1,2,2,35.00,,2,3,2,4,1,4,4,1,2,4,1,2,1,4,4,2,4,4,4,2,4,3,4,1,4,2,3,4,4,84,,4,7,7,7,1,4,4,1,1,30,6,,6,2,3,6,4,3,6,2,6,4,3,6,4,3,5,4,2,3,4,4,4,6,2,1,6,5,3,3,6,4,3,4,45,24,30,25
1.00,2.00,1.00,6.00,1.00,23,,7,7,7,7,1,2,6,5,5,47.00,,1,1,4,2,1,2,2,1,2,4,1,1,1,2,4,1,3,1,4,4,2,1,1,2,1,4,2,2,1,58,,6,6,3,6,2,3,1,3,5,26,9,,6,2,1,6,2,5,5,5,5,6,2,4,3,6,4,1,5,5,3,5,2,6,1,4,5,2,4,6,6,1,2,2,38,40,13,26
1.00,2.00,1.00,8.00,2.00,21,,5,5,5,3,6,6,6,7,6,49.00,,4,1,5,5,2,4,5,1,4,5,1,4,1,4,5,1,4,1,5,4,4,4,1,2,2,4,4,2,1,90,,2,4,3,3,5,3,2,5,5,20,12,,5,3,2,6,6,6,5,5,5,6,6,1,5,5,6,5,5,5,6,5,5,6,2,6,4,4,5,4,6,1,6,5,34,39,29,46
1.00,1.00,3.00,5.00,3.00,29,,7,7,7,7,1,1,2,5,4,41.00,,2,1,3,5,2,4,5,1,3,3,2,4,1,2,4,4,2,2,3,4,4,2,3,2,2,3,4,4,3,84,,3,5,6,3,2,2,2,2,2,21,6,,4,4,5,5,5,6,5,2,5,6,4,5,4,6,2,2,5,5,5,4,5,5,5,5,5,5,5,3,4,5,5,6,38,36,37,36
1.00,2.00,1.00,1.00,2.00,,,6,6,6,7,1,1,1,1,1,30.00,,1,1,1,5,1,1,1,1,1,3,1,1,1,1,1,1,1,1,1,1,1,1,1,1,1,1,1,1,1,35,,7,7,7,7,1,1,1,1,1,30,3,,6,2,2,6,6,6,6,6,6,6,1,5,1,6,1,1,6,6,4,6,1,6,1,1,6,1,1,6,6,1,1,6,43,44,14,21
1.00,2.00,1.00,5.00,2.00,27,,7,7,7,7,1,2,2,2,2,37.00,,2,2,2,4,3,2,4,2,2,1,1,2,3,3,3,3,1,1,2,3,2,4,2,1,2,3,3,2,1,66,,7,7,7,7,1,1,1,1,1,30,3,,6,2,2,6,3,5,6,5,6,5,4,6,5,5,4,4,4,2,6,3,4,6,1,1,6,2,4,5,6,1,1,2,44,32,21,27
1.00,1.00,1.00,1.00,3.00,58,,6,5,6,7,1,1,1,2,1,30.00,,4,4,4,4,1,2,4,1,2,4,2,2,1,4,1,1,4,4,4,1,5,1,2,2,1,2,2,2,2,73,,7,6,7,7,2,2,2,1,2,31,5,,6,2,2,6,5,3,5,4,6,6,1,6,1,4,5,1,1,5,3,5,2,6,2,2,6,3,1,4,5,1,1,2,42,33,14,19
1.00,2.00,1.00,6.00,1.00,32,,6,3,5,4,3,6,3,6,6,42.00,,4,2,4,4,2,4,4,2,2,5,3,2,2,4,5,4,3,2,5,5,4,4,3,2,3,4,4,4,3,99,,2,3,6,6,2,1,2,2,3,20,7,,5,3,3,6,2,5,5,5,6,6,5,6,5,5,6,3,6,2,6,3,5,6,5,2,6,5,2,3,6,2,2,4,43,32,32,31
1.00,2.00,1.00,7.00,1.00,20,,7,7,7,7,2,2,6,7,7,52.00,,1,1,4,4,2,1,1,1,2,4,1,1,1,2,1,2,3,1,2,3,2,3,3,4,2,1,2,1,1,57,,4,6,6,3,5,5,2,4,3,29,9,,6,2,2,6,2,5,6,4,6,5,2,6,1,4,6,1,6,5,5,4,2,6,2,4,6,2,4,5,6,1,4,2,44,34,13,33
3.00,2.00,1.00,8.00,1.00,24,,6,6,6,5,2,3,5,5,6,44.00,,4,1,5,4,1,4,4,1,4,5,1,4,1,4,3,4,4,4,4,5,3,1,2,3,1,4,4,2,4,91,,6,6,6,6,3,2,2,5,2,29,9,,5,3,2,4,3,6,4,5,6,6,2,1,2,5,1,2,1,6,4,6,2,5,2,3,6,2,1,5,5,2,1,3,34,42,17,16
1.00,1.00,1.00,1.00,2.00,57,,7,7,6,6,2,2,2,5,5,42.00,,1,2,2,2,4,1,4,1,1,2,1,2,1,1,2,4,4,4,5,4,2,3,4,1,1,1,2,1,1,64,,2,5,4,6,2,5,1,1,2,24,4,,4,4,5,5,5,3,5,2,5,5,5,4,4,5,6,4,6,2,6,2,6,4,2,6,5,4,6,4,6,2,5,5,38,27,32,45
1.00,1.00,3.00,5.00,1.00,35,,6,6,6,6,2,5,5,5,5,46.00,,3,1,3,4,4,1,4,1,3,3,1,1,2,1,1,4,4,1,4,3,3,2,1,3,1,1,1,1,1,63,,5,6,6,6,1,4,2,1,1,28,4,,6,2,4,6,2,6,6,5,5,6,3,4,2,4,6,2,6,2,3,3,4,6,1,4,6,4,4,4,6,1,2,1,43,32,19,30
1.00,2.00,1.00,6.00,1.00,,,5,7,7,1,1,1,1,2,1,26.00,,1,2,1,4,2,1,3,1,1,3,1,2,1,4,5,1,3,2,3,1,4,4,1,3,4,1,2,2,2,65,,6,6,6,6,2,2,2,2,2,28,6,,6,2,1,6,1,6,3,5,6,6,1,2,1,6,5,1,1,5,1,5,1,6,1,3,6,5,3,5,6,1,1,1,36,40,12,16
1.00,2.00,1.00,1.00,1.00,55,,3,4,4,5,5,3,2,1,1,28.00,,1,2,1,4,1,1,1,1,1,1,2,1,1,1,1,4,1,1,1,1,1,1,1,2,1,1,1,1,1,38,,7,7,7,7,1,1,1,1,1,30,3,,2,6,4,2,5,5,3,3,3,2,1,4,1,4,6,4,4,1,5,2,3,2,4,1,3,5,1,3,4,1,1,5,25,26,27,24
1.00,2.00,2.00,6.00,1.00,21,,7,7,7,7,1,2,1,6,2,40.00,,5,1,4,5,1,2,4,1,5,5,1,4,1,5,1,4,5,4,5,5,5,1,5,5,5,5,5,2,1,102,,2,6,6,6,2,6,2,2,2,28,6,,3,5,1,4,2,6,5,5,5,6,4,3,1,6,6,1,6,5,6,5,2,3,2,5,4,1,5,6,3,1,1,2,27,44,11,35
3.00,1.00,1.00,8.00,1.00,30,,6,7,7,6,2,2,4,5,6,45.00,,3,1,3,4,2,2,3,1,3,2,1,2,1,2,2,2,3,3,4,2,2,1,1,4,1,1,2,2,1,61,,4,6,6,6,2,4,2,1,2,28,5,,6,2,2,5,5,5,6,4,6,5,3,5,2,5,5,2,5,5,5,4,2,6,2,4,6,4,4,4,6,2,2,2,43,34,18,33
1.00,2.00,4.00,8.00,4.00,70,,6,6,6,4,2,2,3,4,3,36.00,,3,1,2,4,2,3,2,1,4,4,2,4,1,4,1,1,3,4,4,2,4,1,2,3,1,3,4,2,3,75,,4,4,3,3,3,1,4,2,3,18,9,,6,2,1,5,4,6,5,4,4,6,1,6,1,6,6,1,6,6,5,5,3,5,3,1,5,2,2,6,6,1,1,2,38,41,14,26
1.00,2.00,1.00,5.00,1.00,56,,1,4,5,2,5,5,6,1,7,36.00,,1,1,5,3,1,1,5,1,1,3,1,1,1,1,5,4,4,1,2,5,3,1,1,3,1,4,4,2,1,67,,1,1,5,4,7,5,5,6,6,23,17,,1,7,4,6,6,3,6,6,5,5,6,2,3,3,6,1,6,5,6,5,2,2,2,6,1,5,6,2,6,2,6,1,27,36,20,48
1.00,1.00,1.00,1.00,3.00,59,,6,5,5,5,3,3,2,2,2,33.00,,1,2,2,4,1,2,1,1,1,4,1,1,1,2,1,2,1,1,2,1,4,4,1,1,1,1,2,1,1,48,,6,5,7,6,2,1,1,2,2,27,5,,6,2,2,5,2,5,4,4,5,5,1,4,1,5,5,1,5,4,4,4,2,6,2,3,5,2,2,5,6,2,2,2,38,34,14,24
1.00,2.00,1.00,1.00,3.00,37,,7,7,7,7,1,1,2,2,1,35.00,,1,1,3,5,3,1,2,1,1,1,1,1,1,4,1,1,1,1,4,4,3,1,1,1,1,2,4,1,1,53,,3,7,7,7,1,1,1,6,1,26,8,,5,3,2,6,2,5,6,4,6,2,4,6,4,6,6,1,6,3,3,4,2,6,3,4,6,4,4,3,6,2,4,2,43,30,20,33
,1.00,1.00,1.00,2.00,51,,7,4,3,3,3,4,4,4,3,35.00,,2,2,3,1,2,3,3,2,2,3,3,2,3,3,3,3,3,3,3,3,3,3,3,3,3,3,3,3,3,79,,5,4,4,4,4,4,3,3,4,25,10,,6,2,4,5,4,3,3,3,5,4,3,4,3,4,4,3,4,3,4,5,4,4,4,3,4,3,3,4,4,3,3,4,34,28,28,28
1.00,2.00,1.00,5.00,2.00,22,,7,7,7,7,1,1,3,3,5,41.00,,4,1,4,5,1,4,5,1,2,4,1,1,2,2,5,2,4,4,4,5,4,4,2,4,4,5,2,1,1,88,,3,6,6,5,2,1,1,1,1,23,3,,5,3,3,6,4,6,5,5,6,6,3,5,3,6,2,3,4,6,6,6,4,6,2,4,6,5,5,6,4,1,2,4,40,44,25,30
1.00,2.00,1.00,1.00,2.00,56,,7,7,7,7,1,1,1,2,2,35.00,,3,2,4,4,1,2,2,1,2,5,2,2,1,2,2,1,2,2,4,3,3,2,3,2,1,3,4,3,2,70,,7,6,7,7,2,1,2,1,2,30,5,,6,2,4,6,2,5,5,4,5,6,2,5,3,5,2,1,5,3,5,4,2,6,2,2,6,3,1,5,6,1,1,2,43,34,18,20
1.00,2.00,1.00,5.00,3.00,23,,6,6,6,3,2,2,2,5,3,35.00,,4,1,4,4,1,4,4,1,1,4,1,4,1,2,4,2,3,4,4,5,3,4,2,4,4,4,4,4,1,88,,4,6,5,5,3,3,2,5,2,26,9,,5,3,2,5,2,3,5,5,5,5,2,4,2,5,5,2,4,2,5,2,5,4,2,3,5,2,2,5,6,2,1,3,36,30,20,24
1.00,2.00,1.00,5.00,2.00,24,,7,7,7,7,1,1,1,1,1,33.00,,2,1,1,4,2,3,3,1,2,1,1,1,1,4,2,1,1,1,4,2,4,1,1,1,1,1,2,1,1,51,,7,7,7,7,1,1,1,1,1,30,3,,6,2,2,6,2,6,6,6,6,6,2,6,1,6,3,1,6,6,3,4,3,6,1,3,1,1,1,6,5,4,5,1,38,42,14,25
1.00,2.00,1.00,1.00,3.00,34,,7,7,7,7,1,1,1,1,1,33.00,,4,1,1,2,1,2,1,1,1,2,1,4,1,4,4,1,4,1,4,1,2,1,2,2,1,1,2,1,1,54,,5,7,7,7,1,2,1,3,2,29,6,,6,2,1,6,3,6,6,5,6,6,3,6,3,5,5,2,6,6,5,6,4,6,2,2,6,2,1,5,5,1,1,2,42,41,17,26
1.00,2.00,1.00,6.00,5.00,40,,7,7,7,3,1,1,1,1,1,29.00,,5,1,2,5,1,4,5,1,5,1,1,4,1,5,1,2,1,5,5,1,4,3,4,1,4,4,3,4,1,84,,7,7,7,7,1,1,1,7,1,30,9,,6,2,2,6,6,6,5,5,6,6,5,6,6,5,6,6,2,2,2,2,6,6,5,1,6,6,6,6,5,2,2,5,42,34,38,30
1.00,2.00,1.00,1.00,2.00,37,,7,7,7,7,2,2,1,1,1,35.00,,1,1,3,5,1,2,2,1,1,2,1,1,1,1,1,1,4,1,2,3,2,4,2,3,1,3,2,2,1,55,,6,5,6,7,1,2,1,2,2,27,5,,3,5,2,6,2,5,5,5,5,5,2,5,3,5,2,2,4,2,3,4,3,5,2,3,5,5,2,5,4,3,2,4,34,36,24,20
1.00,2.00,1.00,5.00,2.00,77,,7,7,7,7,1,1,2,1,2,35.00,,1,1,1,4,1,1,1,1,1,3,1,1,1,1,1,1,1,1,1,1,1,3,1,1,1,1,1,1,1,36,,7,7,7,7,1,1,1,1,1,30,3,,6,2,1,6,2,6,6,5,5,1,1,6,1,6,5,1,5,5,3,6,1,6,1,2,6,2,2,6,6,1,1,2,42,37,10,21
1.00,2.00,1.00,8.00,1.00,24,,7,7,7,6,1,2,3,6,6,45.00,,1,1,4,2,1,1,4,1,2,2,1,1,1,2,4,1,4,1,4,5,2,4,2,5,2,4,1,2,1,66,,3,3,6,3,5,5,6,5,7,25,18,,6,2,1,6,2,6,6,6,6,5,3,1,2,4,5,1,6,5,5,4,1,6,1,4,6,2,5,5,6,1,2,1,38,37,10,32
1.00,2.00,1.00,6.00,3.00,28,,7,6,6,5,2,1,1,2,2,32.00,,1,3,2,5,1,2,3,1,2,4,1,2,1,3,2,1,3,2,4,2,3,3,2,1,1,1,1,1,1,59,,5,3,7,7,1,4,2,1,1,27,4,,6,2,2,6,2,6,5,5,6,6,1,6,1,5,3,1,5,5,2,5,2,6,1,2,6,2,2,4,6,1,1,2,43,38,12,18
,2.00,1.00,1.00,5.00,,,6,6,6,4,1,1,1,2,1,28.00,,4,1,5,5,1,1,4,4,3,5,1,1,1,4,4,4,5,1,4,1,1,4,2,1,1,1,1,1,1,72,,6,3,7,7,1,5,4,4,1,29,9,,6,2,1,6,5,6,6,5,6,6,4,2,1,6,4,1,4,6,6,6,1,6,5,3,6,4,2,6,6,1,2,2,39,43,16,30
1.00,2.00,1.00,5.00,5.00,41,,7,3,3,5,5,6,7,4,4,44.00,,2,2,4,3,4,3,4,1,3,4,2,2,1,1,4,3,4,2,2,3,2,2,2,4,2,1,1,1,1,70,,3,3,3,5,5,3,5,6,6,22,17,,1,7,5,2,4,2,2,2,1,2,1,6,4,3,3,4,4,4,2,2,4,4,3,4,5,4,2,4,5,2,4,6,29,26,32,24
1.00,2.00,1.00,1.00,3.00,38,,1,1,1,6,1,1,1,1,1,14.00,,2,1,1,4,1,1,1,1,2,2,1,1,1,2,2,2,1,1,2,2,1,1,1,1,1,1,2,1,1,41,,7,7,7,7,1,1,1,1,1,30,3,,6,2,2,6,3,5,5,5,6,6,1,5,1,5,6,2,5,5,5,5,2,6,2,4,6,2,2,5,6,2,2,2,42,38,15,28
1.00,1.00,1.00,4.00,2.00,35,,6,5,5,6,6,6,5,4,5,48.00,,1,2,4,3,2,3,3,1,1,4,1,2,4,3,2,4,3,2,4,4,4,4,3,3,1,3,3,1,1,76,,4,5,6,6,3,2,2,2,2,26,6,,6,2,1,5,3,4,5,4,6,3,3,5,4,3,3,2,6,3,5,4,4,6,1,6,5,4,4,3,6,3,4,3,40,26,22,34
1.00,2.00,1.00,1.00,5.00,42,,7,7,7,7,1,1,1,1,1,33.00,,1,1,2,4,1,4,1,1,1,3,1,3,1,2,1,1,2,2,2,4,2,1,1,3,1,2,1,1,1,51,,7,7,7,7,1,1,1,1,1,30,3,,6,2,2,6,3,5,6,5,6,3,4,5,3,3,3,4,5,5,5,4,2,6,2,3,6,5,3,5,6,2,2,3,43,32,23,28
1.00,2.00,1.00,1.00,2.00,40,,7,7,7,7,1,1,1,1,2,34.00,,1,1,1,5,2,2,1,1,2,2,1,4,1,4,1,1,1,4,4,2,2,2,4,1,1,1,2,2,1,57,,7,7,7,7,1,1,1,1,1,30,3,,5,3,2,6,5,6,6,6,6,6,1,5,2,5,4,3,4,5,5,5,4,5,2,2,6,3,2,6,6,1,1,2,41,42,19,24
1.00,2.00,1.00,1.00,2.00,57,,6,7,7,7,3,4,1,1,1,37.00,,1,1,5,5,2,3,4,1,4,5,1,3,1,2,3,5,2,1,4,5,3,1,2,4,1,4,4,3,3,83,,7,6,7,7,1,1,1,1,2,29,4,,5,3,2,6,2,6,2,3,6,5,3,6,2,4,3,1,5,5,6,5,1,5,2,3,6,2,1,4,5,2,3,2,37,35,14,26
1.00,2.00,1.00,5.00,2.00,34,,2,5,5,2,5,5,4,1,2,31.00,,1,1,4,4,1,1,4,2,3,4,1,2,1,2,4,2,4,3,4,3,2,1,2,2,2,2,2,4,2,70,,6,3,6,4,3,4,6,2,5,26,13,,1,7,4,5,2,4,3,3,3,3,2,2,4,4,4,2,3,5,2,4,4,2,3,6,5,4,3,6,5,4,3,4,25,36,29,25
1.00,2.00,1.00,5.00,3.00,27,,6,7,5,7,1,5,1,5,3,40.00,,1,1,3,5,1,4,2,1,1,4,1,2,1,2,3,2,1,1,4,2,3,1,1,1,1,3,2,1,1,56,,3,7,4,7,1,1,1,3,2,23,6,,4,4,2,6,1,5,6,4,6,4,1,2,3,5,4,1,2,4,3,4,1,4,2,2,5,4,1,5,5,1,1,2,34,35,16,15
1.00,2.00,1.00,1.00,3.00,37,,7,7,7,6,2,3,2,1,1,36.00,,1,1,2,5,1,2,1,1,2,4,1,4,1,2,1,1,5,2,4,2,4,1,1,4,2,1,4,2,1,63,,7,7,7,7,1,1,1,1,1,30,3,,3,5,3,6,5,5,6,5,6,6,2,3,2,6,5,4,5,6,2,5,2,3,1,4,4,4,2,5,6,4,2,3,34,43,23,27
1.00,2.00,1.00,1.00,4.00,58,,6,6,6,6,4,5,2,2,2,39.00,,4,2,4,5,1,2,3,1,2,4,1,2,1,2,3,1,4,2,3,3,2,1,1,4,1,3,2,1,1,66,,4,6,6,6,2,5,4,2,2,29,8,,5,3,2,6,1,6,5,5,6,6,4,4,4,5,2,1,2,4,3,6,2,5,1,3,6,4,3,5,6,3,1,1,39,40,18,19
1.00,2.00,1.00,1.00,3.00,66,,7,7,7,7,2,2,2,1,1,36.00,,1,1,1,5,2,2,2,1,2,4,1,3,1,2,1,5,1,1,1,1,2,1,1,1,1,2,1,1,1,49,,6,6,7,7,1,2,1,1,1,29,3,,6,2,1,5,1,5,5,5,5,6,1,6,1,3,1,5,2,5,3,3,4,6,1,1,6,4,1,6,6,1,1,1,41,35,18,11
1.00,2.00,1.00,1.00,2.00,43,,6,6,5,5,1,1,1,1,1,27.00,,3,3,2,4,3,3,2,1,3,2,3,2,2,4,1,2,1,2,4,1,4,1,4,3,3,3,3,3,2,74,,7,7,7,7,1,1,1,1,1,30,3,,3,5,5,6,5,5,5,4,5,4,2,6,5,6,4,3,2,4,2,3,3,6,2,4,5,6,1,2,6,5,4,5,41,33,34,24
1.00,1.00,1.00,1.00,2.00,,,7,7,7,7,1,1,1,1,1,33.00,,1,1,1,5,2,3,2,1,1,1,1,1,1,2,3,1,1,1,4,1,3,1,2,1,1,1,4,1,1,49,,6,6,6,6,2,2,2,2,2,28,6,,6,2,3,2,5,6,5,2,4,1,5,3,4,6,6,3,3,4,4,5,5,5,2,4,4,3,4,4,5,3,4,3,35,30,26,35
1.00,2.00,1.00,1.00,2.00,34,,7,7,7,7,1,1,2,5,5,42.00,,4,2,3,5,2,3,2,1,3,4,1,4,1,3,3,1,2,2,4,2,3,1,4,3,1,2,3,5,4,78,,5,6,6,6,2,2,1,2,2,27,5,,6,2,5,6,6,6,6,2,6,5,6,6,6,4,2,6,5,5,6,2,6,6,6,3,6,6,6,6,6,3,3,5,47,32,43,37
1.00,2.00,1.00,1.00,2.00,52,,6,6,6,6,2,2,2,2,2,34.00,,5,5,4,3,1,4,1,1,1,4,1,1,4,4,1,3,1,1,4,2,5,2,1,1,1,4,2,1,1,69,,6,6,6,6,2,2,2,2,2,28,6,,3,5,2,5,2,5,6,5,5,5,1,5,2,5,3,1,5,2,5,2,5,3,5,2,2,3,2,5,5,2,2,5,31,34,25,22
1.00,2.00,1.00,5.00,2.00,22,,7,7,7,5,1,1,1,1,1,31.00,,4,4,2,5,2,4,4,1,2,4,1,4,1,5,2,2,4,4,5,4,4,1,2,2,1,1,4,2,1,82,,3,7,7,7,1,5,1,3,1,30,5,,6,2,2,6,5,6,6,6,6,6,2,6,2,6,2,2,5,6,6,6,2,6,2,1,6,2,1,6,6,1,1,1,44,44,14,23
1.00,2.00,1.00,5.00,2.00,72,,6,5,5,5,3,4,5,2,4,39.00,,3,2,2,4,3,2,3,3,2,2,3,2,3,3,3,2,3,2,3,3,3,3,2,3,2,3,3,2,1,75,,6,4,7,6,4,2,4,4,2,29,10,,6,2,3,5,5,6,5,2,2,5,3,5,4,5,3,2,5,2,3,3,5,5,4,1,3,3,2,5,6,1,2,5,35,30,27,24
3.00,2.00,1.00,8.00,1.00,24,,1,1,1,1,1,1,1,1,1,9.00,,1,1,1,1,2,1,1,1,3,4,1,1,1,1,3,5,1,3,3,3,3,1,1,1,1,1,1,1,1,49,,7,7,7,7,1,1,1,1,1,30,3,,6,2,6,1,6,6,1,1,1,6,1,6,1,6,6,1,6,1,6,1,6,6,6,1,1,1,1,6,6,1,1,6,33,29,28,28
1.00,2.00,1.00,3.00,4.00,55,,5,5,5,3,3,3,5,5,5,39.00,,2,1,4,4,1,2,2,1,2,4,1,1,1,3,2,1,4,1,4,2,2,1,2,3,2,1,2,2,1,59,,6,6,6,6,1,1,1,3,5,26,9,,6,2,2,6,5,6,6,5,6,6,5,4,3,5,5,1,4,5,5,5,2,6,1,5,6,2,5,5,6,1,2,1,42,39,13,36
1.00,1.00,1.00,6.00,1.00,18,,7,7,7,7,1,7,3,7,7,53.00,,2,5,5,4,3,2,5,1,2,4,5,4,5,5,5,4,4,2,2,5,3,5,1,4,2,4,4,4,1,102,,3,6,3,7,1,6,6,3,2,26,11,,6,2,2,6,2,6,6,5,6,6,3,6,1,6,5,2,6,4,6,6,2,6,2,2,6,2,2,4,6,2,2,2,44,39,15,28
1.00,2.00,1.00,8.00,1.00,24,,5,6,6,3,5,6,7,7,7,52.00,,3,1,2,4,1,1,1,1,2,2,1,1,1,1,4,1,2,1,5,4,1,1,1,1,1,1,1,1,1,48,,3,6,4,1,6,2,3,5,7,22,15,,4,4,3,5,6,5,5,3,1,4,5,1,3,2,6,1,4,1,6,1,5,5,5,3,2,3,2,3,6,1,1,4,27,23,25,33
1.00,2.00,1.00,1.00,4.00,72,,6,7,6,6,1,2,6,2,1,37.00,,2,1,1,3,1,2,1,1,2,2,1,4,1,2,1,1,2,2,4,3,2,1,3,1,1,3,3,3,1,55,,6,6,6,4,2,5,2,1,2,29,5,,5,3,2,5,2,3,5,5,5,5,2,4,3,5,5,3,6,4,4,3,4,5,3,3,4,3,3,4,6,2,2,3,36,32,23,27
1.00,2.00,3.00,8.00,2.00,22,,6,6,6,6,2,2,2,2,2,34.00,,1,1,1,4,2,2,2,1,1,2,1,1,2,2,2,2,2,1,2,2,2,2,1,1,1,1,1,1,1,45,,6,6,6,6,2,2,2,2,2,28,6,,6,2,2,5,3,6,5,5,5,6,1,5,2,6,5,1,3,5,3,5,3,6,2,2,6,1,1,6,6,1,1,2,41,41,14,19
1.00,1.00,1.00,1.00,4.00,37,,5,6,6,5,4,6,4,3,4,43.00,,4,3,4,3,3,3,5,1,4,4,1,2,3,3,4,2,3,4,4,4,3,4,3,3,1,1,4,4,4,91,,6,6,6,6,2,5,2,2,2,31,6,,4,4,2,5,2,3,5,4,4,3,4,2,4,3,4,3,4,3,3,3,4,4,4,4,3,4,2,2,6,2,3,4,30,25,27,26
1.00,2.00,1.00,8.00,1.00,27,,6,6,6,6,3,2,5,6,7,47.00,,5,2,4,5,2,5,5,1,4,4,1,2,2,5,5,2,2,4,5,5,5,3,4,4,1,1,3,4,1,96,,4,6,6,3,5,2,2,2,6,26,10,,6,2,3,6,4,5,6,5,6,6,6,5,4,5,4,4,3,6,5,5,3,6,2,4,6,5,4,5,6,3,4,5,44,39,29,34
1.00,2.00,1.00,8.00,1.00,22,,7,6,6,7,2,4,3,3,4,42.00,,2,1,4,5,3,3,2,1,2,3,1,1,1,3,3,2,1,1,4,4,4,3,2,1,1,3,2,1,1,65,,3,6,5,3,1,2,1,1,3,20,5,,5,3,1,6,2,5,6,5,6,5,2,4,4,5,2,2,2,6,3,6,2,6,2,4,6,4,4,3,4,1,3,2,38,38,18,22